{"cameraMode":{"drawMode":0,"name":"Shaded","section":"Shading Mode"},"sceneLighting":false,"audioPlay":false,"sceneViewState":{"showFog":false,"showMaterialUpdate":false,"showSkybox":false,"showFlares":false,"showImageEffects":false,"showParticleSystems":false},"in2DMode":false,"pivot":{"x":8.1357421875,"y":4.409489631652832,"z":0.02869529463350773},"rotation":{"x":-0.14343856275081635,"y":-0.3627550005912781,"z":0.056610871106386188,"w":-0.9191344976425171},"size":11.776043891906739,"orthographic":false}