{"cameraMode":{"drawMode":0,"name":"Shaded","section":"Shading Mode"},"sceneLighting":false,"audioPlay":false,"sceneViewState":{"showFog":false,"showMaterialUpdate":false,"showSkybox":false,"showFlares":false,"showImageEffects":false,"showParticleSystems":false},"in2DMode":false,"pivot":{"x":11.425495147705079,"y":7.354596138000488,"z":-0.4424705505371094},"rotation":{"x":-0.08048709481954575,"y":-0.885199785232544,"z":0.16685102880001069,"w":-0.42693594098091128},"size":31.183349609375,"orthographic":false}