{"cameraMode":{"drawMode":0,"name":"Shaded","section":"Shading Mode"},"sceneLighting":false,"audioPlay":false,"sceneViewState":{"showFog":false,"showMaterialUpdate":false,"showSkybox":false,"showFlares":false,"showImageEffects":false,"showParticleSystems":false},"in2DMode":false,"pivot":{"x":7.9734787940979,"y":2.0637400150299074,"z":3.1186161041259767},"rotation":{"x":-0.016171369701623918,"y":-0.9725528359413147,"z":0.22137518227100373,"w":-0.0710173174738884},"size":3.7694039344787599,"orthographic":false}