{"cameraMode":{"drawMode":0,"name":"Shaded","section":"Shading Mode"},"sceneLighting":false,"audioPlay":false,"sceneViewState":{"showFog":false,"showMaterialUpdate":false,"showSkybox":false,"showFlares":false,"showImageEffects":false,"showParticleSystems":false},"in2DMode":false,"pivot":{"x":5.767334938049316,"y":1.582477331161499,"z":-0.6293707489967346},"rotation":{"x":-0.22083145380020142,"y":-0.2139243632555008,"z":0.0496811717748642,"w":-0.9503549933433533},"size":23.707483291625978,"orthographic":false}